Sido,Sigun,id,LeeJ,Yoon,Shim,Oh,Huh,LeeB,Ok,KimK,Cho,KimJ,LeeK,KimM,
??,???,11110,0.4642,0.4948,0.0313,0.0005,0.0056,0.0004,0,0.0005,0.0008,0.001,0.0002,0.0003,
??,??,11140,0.4542,0.5096,0.0274,0.0005,0.0054,0.0002,0.0001,0.0002,0.0007,0.0006,0.0002,0.0003,
??,???,11170,0.3986,0.5644,0.029,0.0004,0.005,0.0002,0.0001,0.0003,0.0005,0.0006,0.0001,0.0003,
??,???,11200,0.4323,0.532,0.0274,0.0006,0.0049,0.0002,0.0001,0.0002,0.0006,0.0007,0.0001,0.0003,
??,???,11215,0.4719,0.4882,0.0303,0.0006,0.006,0.0002,0.0001,0.0002,0.0007,0.0007,0.0001,0.0003,
??,????,11230,0.471,0.4916,0.0279,0.0006,0.0056,0.0001,0.0001,0.0002,0.0008,0.001,0.0003,0.0003,
??,???,11260,0.5045,0.4573,0.0266,0.0006,0.0075,0.0002,0.0001,0.0002,0.0009,0.0011,0.0002,0.0002,
??,???,11290,0.4931,0.4667,0.0309,0.0005,0.0056,0.0003,0.0001,0.0003,0.0006,0.0009,0.0002,0.0003,
??,???,11305,0.5232,0.4382,0.0265,0.0006,0.0076,0.0003,0.0001,0.0002,0.0008,0.0012,0.0003,0.0003,
??,???,11320,0.4975,0.4659,0.0261,0.0005,0.0068,0.0002,0.0002,0.0002,0.0006,0.0011,0.0001,0.0003,
??,???,11350,0.4894,0.4722,0.0289,0.0005,0.0055,0.0002,0.0001,0.0002,0.0006,0.0012,0.0002,0.0003,
??,???,11380,0.5126,0.4465,0.0308,0.0007,0.0061,0.0003,0.0001,0.0002,0.0007,0.0009,0.0002,0.0002,
??,????,11410,0.4833,0.4747,0.033,0.0005,0.0051,0.0002,0.0001,0.0001,0.0007,0.0012,0.0002,0.0003,
??,???,11440,0.465,0.4903,0.0367,0.0007,0.0046,0.0002,0.0001,0.0002,0.0006,0.0007,0.0001,0.0002,
??,???,11470,0.4639,0.5013,0.0261,0.0005,0.0055,0.0002,0.0001,0.0002,0.0007,0.0006,0.0001,0.0003,
??,???,11500,0.4917,0.4697,0.0287,0.0006,0.0063,0.0002,0.0001,0.0002,0.0007,0.0008,0.0002,0.0003,
??,???,11530,0.4919,0.4701,0.0278,0.0005,0.0063,0.0002,0.0001,0.0002,0.0007,0.0012,0.0001,0.0003,
??,???,11545,0.5156,0.445,0.0275,0.0006,0.0074,0.0003,0.0001,0.0002,0.0007,0.0013,0.0003,0.0004,
??,????,11560,0.446,0.5164,0.0292,0.0005,0.005,0.0002,0.0001,0.0002,0.0007,0.0009,0.0001,0.0002,
??,???,11590,0.4574,0.5051,0.0292,0.0005,0.0051,0.0002,0.0001,0.0003,0.0005,0.0008,0.0001,0.0002,
??,???,11620,0.5032,0.4516,0.0334,0.0009,0.0077,0.0003,0.0001,0.0003,0.0007,0.0009,0.0002,0.0003,
??,???,11650,0.3218,0.6513,0.0212,0.0003,0.0032,0.0001,0,0.0003,0.0006,0.0003,0.0001,0.0001,
??,???,11680,0.3035,0.6701,0.0199,0.0003,0.0039,0.0001,0.0001,0.0003,0.0007,0.0003,0.0001,0.0002,
??,???,11710,0.4015,0.5676,0.0236,0.0004,0.0045,0.0001,0.0001,0.0003,0.0006,0.0005,0.0001,0.0002,
??,???,11740,0.448,0.517,0.0258,0.0005,0.0057,0.0001,0.0001,0.0002,0.0007,0.0008,0.0002,0.0002,
??,??,26110,0.366,0.5954,0.0221,0.0003,0.0128,0.0002,0.0001,0.0002,0.0008,0.0007,0.0004,0.0003,
??,??,26140,0.3639,0.6,0.0218,0.0005,0.0103,0.0003,0.0001,0.0002,0.0007,0.001,0.0002,0.0004,
??,??,26170,0.3669,0.5971,0.0202,0.0004,0.0113,0.0003,0.0001,0.0004,0.0009,0.001,0.0003,0.0005,
??,???,26200,0.4161,0.5497,0.0192,0.0005,0.01,0.0003,0.0002,0.0001,0.0007,0.0017,0.0004,0.0005,
??,????,26230,0.386,0.5765,0.0225,0.0005,0.0104,0.0002,0.0001,0.0002,0.0009,0.0015,0.0002,0.0004,
??,???,26260,0.3662,0.5978,0.0226,0.0004,0.0094,0.0002,0.0001,0.0002,0.0008,0.0013,0.0001,0.0003,
??,??,26290,0.3742,0.5917,0.0212,0.0003,0.0088,0.0002,0.0001,0.0002,0.0009,0.0014,0.0002,0.0003,
??,??,26320,0.3984,0.5635,0.0227,0.0004,0.011,0.0003,0.0001,0.0002,0.001,0.001,0.0002,0.0006,
??,????,26350,0.3596,0.6087,0.0196,0.0004,0.0083,0.0002,0.0001,0.0002,0.0008,0.0011,0.0001,0.0003,
??,???,26380,0.4023,0.5597,0.0219,0.0004,0.0118,0.0002,0.0001,0.0002,0.0008,0.0013,0.0003,0.0005,
??,???,26410,0.3564,0.607,0.0227,0.0006,0.009,0.0002,0.0001,0.0002,0.0009,0.0015,0.0003,0.0004,
??,???,26440,0.4292,0.535,0.0218,0.0003,0.0112,0,0.0001,0.0001,0.0005,0.0008,0.0001,0.0002,
??,???,26470,0.3725,0.5926,0.0223,0.0005,0.0086,0.0001,0.0001,0.0002,0.0007,0.0015,0.0001,0.0003,
??,???,26500,0.3573,0.6082,0.0223,0.0004,0.0086,0.0001,0.0001,0.0002,0.0008,0.0008,0.0002,0.0003,
??,???,26530,0.4009,0.5597,0.0227,0.0005,0.012,0.0003,0.0001,0.0002,0.0008,0.0012,0.0003,0.0006,
??,???,26710,0.4079,0.5555,0.0213,0.0005,0.0115,0.0002,0.0001,0.0002,0.0007,0.0012,0.0001,0.0003,
??,??,27110,0.2147,0.7534,0.0193,0.0008,0.0077,0.0004,0.0001,0.0003,0.0019,0.0004,0.0001,0.0005,
??,??,27140,0.226,0.7408,0.0195,0.0004,0.0091,0.0001,0.0001,0.0002,0.0018,0.0006,0.0003,0.0003,
??,??,27170,0.1731,0.7953,0.0161,0.0006,0.0104,0.0002,0.0001,0.0001,0.002,0.0007,0.0005,0.0004,
??,??,27200,0.2039,0.7622,0.0184,0.0008,0.01,0.0007,0.0002,0.0003,0.002,0.0005,0.0001,0.0003,
??,??,27230,0.2275,0.7389,0.0208,0.0005,0.0088,0.0001,0.0001,0.0002,0.0014,0.0005,0.0002,0.0004,
??,???,27260,0.2095,0.7623,0.0182,0.0004,0.0065,0.0001,0.0001,0.0003,0.0013,0.0004,0.0002,0.0003,
??,???,27290,0.2134,0.7534,0.0201,0.0004,0.0084,0.0001,0.0001,0.0002,0.0021,0.0005,0.0002,0.0003,
??,???,27710,0.2358,0.7282,0.0206,0.0007,0.0105,0.0002,0.0001,0.0002,0.0015,0.0009,0.0003,0.0005,
??,??,28110,0.4921,0.4681,0.0257,0.0004,0.0105,0.0002,0.0001,0.0002,0.0009,0.0008,0.0001,0.0003,
??,??,28140,0.473,0.4845,0.0294,0.0007,0.0085,0.0002,0,0.0001,0.001,0.0011,0.0004,0.0004,
??,????,28170,0.4752,0.4825,0.0276,0.0006,0.0108,0.0002,0.0001,0.0002,0.0007,0.0007,0.0002,0.0004,
??,???,28185,0.4491,0.5149,0.0274,0.0004,0.0058,0.0002,0,0.0001,0.0005,0.0005,0.0001,0.0002,
??,???,28200,0.4973,0.4618,0.0282,0.0006,0.0089,0.0002,0.0001,0.0002,0.0007,0.0009,0.0002,0.0004,
??,???,28237,0.5084,0.4503,0.0286,0.0006,0.0086,0.0002,0.0001,0.0002,0.0008,0.0009,0.0003,0.0004,
??,???,28245,0.5231,0.4352,0.0286,0.0006,0.0089,0.0003,0.0001,0.0003,0.0006,0.0011,0.0003,0.0004,
??,??,28260,0.5094,0.4501,0.0279,0.0005,0.009,0.0002,0.0001,0.0002,0.0006,0.0007,0.0002,0.0003,
??,???,28710,0.3548,0.6096,0.0205,0.0004,0.0106,0.0004,0.0002,0.0002,0.0007,0.0008,0.0006,0.0006,
??,???,28720,0.3558,0.5999,0.0207,0.001,0.0171,0.0008,0.0002,0.0003,0.0007,0.0012,0.0007,0.001,
??,??,29110,0.8269,0.1504,0.0144,0.0003,0.0053,0.0002,0,0.0002,0,0.0011,0.0001,0.0004,
??,??,29140,0.8463,0.1304,0.0147,0.0003,0.0055,0.0002,0,0.0001,0,0.0013,0.0001,0.0004,
??,??,29155,0.8427,0.1348,0.014,0.0004,0.0054,0.0002,0.0001,0.0001,0.0001,0.0011,0.0002,0.0004,
??,??,29170,0.8512,0.124,0.0154,0.0004,0.0064,0.0002,0,0.0001,0.0001,0.0011,0.0001,0.0003,
??,???,29200,0.8552,0.1175,0.016,0.0005,0.0072,0.0003,0,0.0001,0.0001,0.0018,0.0001,0.0006,
??,??,30110,0.4635,0.4954,0.0254,0.0007,0.0113,0.0002,0.0001,0.0002,0.0007,0.0011,0.0003,0.0005,
??,??,30140,0.4449,0.5166,0.0252,0.0004,0.0094,0.0002,0.0001,0.0003,0.0006,0.0011,0.0003,0.0004,
??,??,30170,0.4631,0.4967,0.0279,0.0005,0.0089,0.0002,0.0001,0.0002,0.0005,0.0008,0.0002,0.0003,
??,???,30200,0.475,0.4866,0.0283,0.0005,0.0069,0.0001,0.0001,0.0001,0.0005,0.0008,0.0002,0.0002,
??,???,30230,0.4737,0.4828,0.0274,0.0008,0.011,0.0003,0.0001,0.0002,0.0008,0.0015,0.0003,0.0005,
??,??,31110,0.3811,0.5737,0.0271,0.0005,0.0119,0.0003,0.0001,0.0002,0.001,0.0027,0.0003,0.0004,
??,??,31140,0.3746,0.5843,0.0252,0.0003,0.0109,0.0002,0.0001,0.0002,0.0009,0.0021,0.0002,0.0004,
??,??,31170,0.4568,0.4831,0.0351,0.0006,0.0163,0.0009,0.0001,0.0003,0.0007,0.0048,0.0003,0.0004,
??,??,31200,0.472,0.4713,0.037,0.0005,0.0131,0.0004,0.0001,0.0001,0.0008,0.0035,0.0003,0.0003,
??,???,31710,0.3882,0.5673,0.0255,0.0005,0.0128,0.0003,0.0001,0.0003,0.001,0.0026,0.0003,0.0005,
??,???,36110,0.5191,0.4414,0.0294,0.0004,0.0069,0.0002,0.0001,0.0002,0.0005,0.0007,0.0002,0.0003,
??,??????,41111,0.5044,0.4584,0.0261,0.0006,0.0072,0.0001,0.0001,0.0002,0.0009,0.001,0.0002,0.0003,
??,??????,41113,0.5199,0.4431,0.0247,0.0005,0.0085,0.0002,0.0001,0.0002,0.0008,0.0009,0.0002,0.0004,
??,??????,41115,0.4894,0.4728,0.0253,0.0005,0.0088,0.0002,0.0001,0.0002,0.0008,0.001,0.0002,0.0003,
??,??????,41117,0.4829,0.4822,0.0269,0.0005,0.0051,0.0001,0,0.0001,0.0005,0.0006,0.0001,0.0002,
??,??????,41131,0.5398,0.4308,0.0195,0.0003,0.0056,0.0001,0.0001,0.0002,0.0006,0.0019,0.0001,0.0004,
??,??????,41133,0.5724,0.3969,0.0198,0.0004,0.006,0.0001,0.0001,0.0001,0.0006,0.0022,0.0002,0.0004,
??,??????,41135,0.4234,0.55,0.021,0.0003,0.003,0.0001,0,0.0002,0.0006,0.0005,0.0001,0.0002,
??,????,41150,0.5291,0.4351,0.0231,0.0005,0.0079,0.0001,0.0001,0.0002,0.0007,0.002,0.0002,0.0003,
??,??????,41171,0.5121,0.4532,0.0241,0.0004,0.0068,0.0002,0.0001,0.0002,0.0008,0.0008,0.0002,0.0004,
??,??????,41173,0.4895,0.4771,0.0259,0.0003,0.0047,0.0002,0.0001,0.0001,0.0006,0.0005,0.0001,0.0003,
??,???,41190,0.5397,0.4244,0.025,0.0006,0.0072,0.0002,0.0001,0.0002,0.0006,0.0009,0.0002,0.0004,
??,???,41210,0.525,0.442,0.024,0.0004,0.0056,0.0002,0.0001,0.0001,0.0007,0.0007,0.0002,0.0003,
??,???,41220,0.4944,0.4664,0.0237,0.0004,0.0112,0.0003,0.0001,0.0002,0.0006,0.0015,0.0002,0.0004,
??,????,41250,0.4996,0.4634,0.0197,0.0004,0.0113,0.0002,0.0001,0.0003,0.001,0.0024,0.0004,0.0005,
??,??????,41271,0.5517,0.4116,0.0231,0.0007,0.0095,0.0002,0.0001,0.0002,0.0006,0.001,0.0002,0.0004,
??,??????,41273,0.5418,0.4216,0.0238,0.0007,0.0089,0.0002,0.0001,0.0001,0.0007,0.0009,0.0002,0.0004,
??,??????,41281,0.521,0.4364,0.0331,0.0005,0.006,0.0002,0.0001,0.0002,0.0006,0.001,0.0001,0.0002,
??,???????,41285,0.496,0.4697,0.0257,0.0004,0.0057,0.0002,0,0.0002,0.0006,0.0006,0.0001,0.0002,
??,???????,41287,0.5085,0.4578,0.0254,0.0005,0.0052,0.0002,0,0.0002,0.0006,0.0007,0.0001,0.0003,
??,???,41290,0.3923,0.5759,0.0244,0.0005,0.0042,0.0003,0.0001,0.0003,0.0005,0.0005,0.0001,0.0002,
??,???,41310,0.501,0.4647,0.0238,0.0002,0.0069,0.0002,0.0001,0.0002,0.0008,0.0009,0.0002,0.0004,
??,????,41360,0.5232,0.4442,0.022,0.0004,0.0072,0.0002,0.0001,0.0002,0.0007,0.0008,0.0002,0.0003,
??,???,41370,0.5443,0.4167,0.025,0.0004,0.0106,0.0002,0,0.0001,0.0005,0.001,0.0001,0.0004,
??,???,41390,0.5669,0.3988,0.0224,0.0004,0.0085,0.0001,0.0001,0.0001,0.0006,0.0009,0.0001,0.0004,
??,???,41410,0.5229,0.4423,0.0253,0.0004,0.0065,0.0002,0.0001,0.0002,0.0006,0.0006,0.0001,0.0003,
??,???,41430,0.49,0.4771,0.0242,0.0004,0.0056,0.0002,0.0001,0.0001,0.0006,0.0007,0.0001,0.0003,
??,???,41450,0.4875,0.4826,0.0222,0.0003,0.0049,0.0001,0.0001,0.0001,0.0005,0.0007,0.0001,0.0001,
??,??????,41461,0.498,0.4664,0.0224,0.0004,0.0095,0.0002,0.0001,0.0002,0.0006,0.001,0.0002,0.0004,
??,??????,41463,0.4986,0.4719,0.0218,0.0003,0.0051,0.0001,0.0001,0.0002,0.0005,0.0006,0.0001,0.0002,
??,??????,41465,0.4547,0.5183,0.0214,0.0003,0.0033,0.0001,0.0001,0.0002,0.0005,0.0003,0.0001,0.0002,
??,???,41480,0.533,0.4299,0.0243,0.0005,0.0087,0.0003,0.0001,0.0002,0.0007,0.0011,0.0002,0.0004,
??,???,41500,0.4668,0.4974,0.0219,0.0004,0.0099,0.0002,0.0001,0.0002,0.0005,0.0011,0.0003,0.0004,
??,???,41550,0.4884,0.4719,0.0249,0.0007,0.0106,0.0002,0.0001,0.0002,0.0006,0.0013,0.0002,0.0004,
??,???,41570,0.5107,0.4561,0.023,0.0003,0.0072,0.0001,0.0001,0.0002,0.0006,0.0007,0.0002,0.0002,
??,???,41590,0.5269,0.439,0.024,0.0003,0.0074,0.0001,0.0001,0.0001,0.0004,0.0007,0.0002,0.0003,
??,???,41610,0.5354,0.4345,0.0188,0.0004,0.0077,0.0001,0.0001,0.0002,0.0005,0.0012,0.0002,0.0003,
??,???,41630,0.5212,0.442,0.0219,0.0004,0.0102,0.0002,0.0001,0.0002,0.0007,0.0019,0.0002,0.0004,
??,???,41650,0.4662,0.4976,0.02,0.0005,0.0111,0.0002,0.0001,0.0002,0.0011,0.0016,0.0004,0.0005,
??,???,41670,0.4266,0.5383,0.0202,0.0005,0.0101,0.0002,0.0001,0.0002,0.001,0.0011,0.0005,0.0006,
??,???,41800,0.4207,0.5367,0.0211,0.0005,0.014,0.0002,0.0001,0.0004,0.0022,0.0017,0.0007,0.0009,
??,???,41820,0.3967,0.5676,0.0207,0.0007,0.0095,0.0003,0.0001,0.0004,0.0011,0.001,0.0007,0.0007,
??,???,41830,0.4164,0.5518,0.0201,0.0004,0.0076,0.0002,0.0001,0.0003,0.0009,0.0006,0.0004,0.0005,
??,???,42110,0.4451,0.5129,0.0286,0.0006,0.0095,0.0004,0.0001,0.0001,0.0005,0.001,0.0003,0.0003,
??,???,42130,0.4502,0.5065,0.0272,0.0006,0.0115,0.0002,0.0001,0.0002,0.001,0.0011,0.0003,0.0004,
??,???,42150,0.3872,0.5731,0.0244,0.0005,0.0107,0.0002,0.0002,0.0002,0.0008,0.0012,0.0003,0.0005,
??,???,42170,0.4019,0.5571,0.0238,0.0004,0.0132,0.0002,0.0001,0.0002,0.001,0.0009,0.0004,0.0003,
??,???,42190,0.4041,0.5626,0.0182,0.0004,0.0109,0.0002,0,0.0001,0.0007,0.0008,0.0006,0.0006,
??,???,42210,0.417,0.5444,0.0236,0.0003,0.012,0.0003,0.0001,0.0002,0.0004,0.0007,0.0003,0.0003,
??,???,42230,0.3771,0.5856,0.0207,0.0005,0.0105,0.0005,0.0002,0.0005,0.0007,0.0013,0.0011,0.0007,
??,???,42720,0.3983,0.5591,0.0226,0.0008,0.0128,0.0003,0.0002,0.0004,0.0006,0.0031,0.0006,0.0007,
??,???,42730,0.3882,0.5734,0.0209,0.0005,0.0125,0.0003,0.0001,0.0002,0.0009,0.0012,0.0007,0.0005,
??,???,42750,0.4033,0.5587,0.02,0.0004,0.0115,0.0005,0,0.0004,0.0014,0.0016,0.001,0.0005,
??,???,42760,0.3936,0.569,0.0193,0.0005,0.0125,0.0001,0.0002,0.0002,0.0011,0.0011,0.0008,0.0008,
??,???,42770,0.4095,0.5531,0.02,0.0003,0.012,0.0001,0,0.0002,0.0008,0.0017,0.0011,0.0007,
??,???,42780,0.4023,0.5537,0.0263,0.0005,0.0133,0.0001,0.0002,0.0002,0.0007,0.0009,0.0005,0.0007,
??,???,42790,0.3962,0.5538,0.0266,0.0007,0.0173,0.0003,0.0003,0.0002,0.0011,0.0015,0.0004,0.0011,
??,???,42800,0.3974,0.5503,0.027,0.0009,0.0181,0.0002,0.0005,0.0001,0.0009,0.0016,0.0011,0.0013,
??,???,42810,0.4159,0.5394,0.0233,0.0009,0.0154,0.0001,0.0001,0.0003,0.0006,0.0016,0.0006,0.0011,
??,???,42820,0.3912,0.5705,0.0224,0.0004,0.0113,0.0002,0.0001,0.0001,0.0005,0.001,0.0009,0.0009,
??,???,42830,0.3755,0.5878,0.0221,0.0002,0.0113,0.0001,0.0004,0.0001,0.0006,0.0005,0.0007,0.0003,
??,??????,43111,0.462,0.4937,0.0293,0.0007,0.0104,0.0005,0.0001,0.0002,0.0007,0.0009,0.0003,0.0006,
??,??????,43112,0.4567,0.5007,0.0283,0.0007,0.01,0.0004,0.0002,0.0001,0.0005,0.0009,0.0003,0.0005,
??,??????,43113,0.475,0.4813,0.0294,0.0005,0.0107,0.0002,0.0001,0.0002,0.0005,0.0008,0.0003,0.0003,
??,??????,43114,0.4859,0.4703,0.0285,0.0004,0.011,0.0003,0.0001,0.0002,0.0008,0.001,0.0004,0.0006,
??,???,43130,0.4368,0.5229,0.0242,0.0005,0.0112,0.0003,0.0002,0.0003,0.0008,0.0009,0.0007,0.0006,
??,???,43150,0.4223,0.5386,0.0222,0.0005,0.0115,0.0003,0.0001,0.0001,0.001,0.0011,0.0009,0.0008,
??,???,43720,0.3897,0.5676,0.0233,0.0005,0.0122,0.0003,0.0004,0.0004,0.0011,0.0012,0.0016,0.0012,
??,???,43730,0.4171,0.5382,0.0254,0.0009,0.0118,0.0004,0.0001,0.0003,0.0009,0.0019,0.0016,0.0008,
??,???,43740,0.3823,0.5797,0.0211,0.0003,0.011,0.0006,0.0001,0.0004,0.0008,0.0015,0.001,0.0007,
??,???,43745,0.4558,0.5026,0.0249,0.0003,0.0122,0.0002,0.0003,0.0002,0.001,0.0007,0.0008,0.0004,
??,???,43750,0.4938,0.4619,0.0264,0.0006,0.013,0.0003,0.0001,0.0003,0.0005,0.0014,0.0005,0.0006,
??,???,43760,0.3793,0.5851,0.0201,0.0008,0.009,0.0006,0.0003,0.0004,0.0008,0.0012,0.0011,0.0009,
??,???,43770,0.4627,0.4973,0.0227,0.0005,0.0121,0.0003,0.0002,0.0004,0.0007,0.0011,0.0007,0.0007,
??,???,43800,0.3631,0.5977,0.0193,0.0005,0.0103,0.0003,0.0002,0.0004,0.0016,0.0015,0.0031,0.0012,
??,??????,44131,0.4605,0.4982,0.0261,0.0005,0.0113,0.0003,0.0001,0.0002,0.0006,0.0009,0.0003,0.0005,
??,??????,44133,0.4901,0.4672,0.0278,0.0006,0.0113,0.0002,0.0001,0.0001,0.0005,0.0008,0.0002,0.0005,
??,???,44150,0.4171,0.547,0.0208,0.0006,0.0101,0.0003,0,0.0002,0.0008,0.0013,0.0007,0.0006,
??,???,44180,0.4029,0.56,0.021,0.0005,0.01,0.0004,0.0002,0.0002,0.0008,0.0015,0.0009,0.001,
??,???,44200,0.488,0.4709,0.026,0.0005,0.0114,0.0004,0.0001,0.0002,0.0006,0.0008,0.0002,0.0003,
??,???,44210,0.4507,0.5086,0.0244,0.0006,0.0117,0.0005,0.0001,0.0001,0.0006,0.001,0.0005,0.0006,
??,???,44230,0.4645,0.4972,0.0219,0.0004,0.0108,0.0002,0.0001,0.0003,0.0009,0.0015,0.0011,0.0006,
??,???,44250,0.4283,0.5302,0.0287,0.0007,0.0087,0.0001,0.0001,0.0005,0.0004,0.0011,0.0001,0.0005,
??,???,44270,0.469,0.4922,0.0225,0.0003,0.0115,0.0004,0.0001,0.0002,0.0007,0.0015,0.0004,0.0006,
??,???,44710,0.4196,0.5448,0.0193,0.0007,0.0099,0.0002,0.0002,0.0004,0.0006,0.0014,0.0012,0.0011,
??,???,44760,0.3858,0.5769,0.0201,0.0006,0.01,0.0004,0,0.0003,0.0007,0.0023,0.0013,0.0009,
??,???,44770,0.4436,0.5219,0.0197,0.0005,0.0075,0.0004,0.0002,0.0003,0.0007,0.0021,0.0013,0.0013,
??,???,44790,0.3594,0.6046,0.0194,0.001,0.0104,0.0003,0.0002,0.0001,0.0005,0.0015,0.001,0.0009,
??,???,44800,0.4179,0.5427,0.0248,0.0004,0.0098,0.0004,0,0.0001,0.0006,0.001,0.0009,0.0007,
??,???,44810,0.3324,0.6312,0.0203,0.0005,0.0105,0.0002,0.0001,0.0001,0.0009,0.0017,0.0008,0.0006,
??,???,44825,0.4007,0.5649,0.0209,0.0004,0.0077,0.0004,0,0.0003,0.0007,0.0012,0.0012,0.001,
??,??????,45111,0.8217,0.153,0.017,0.0004,0.0059,0.0002,0,0.0001,0.0002,0.0004,0.0001,0.0004,
??,??????,45113,0.8201,0.1526,0.0186,0.0002,0.0063,0.0002,0,0.0001,0.0001,0.0006,0.0001,0.0004,
??,???,45130,0.8197,0.1555,0.0148,0.0004,0.007,0.0002,0,0,0.0002,0.0007,0.0002,0.0007,
??,???,45140,0.8239,0.1495,0.0163,0.0004,0.0071,0.0002,0.0001,0.0001,0.0002,0.0008,0.0002,0.0008,
??,???,45180,0.8528,0.122,0.0139,0.0004,0.0063,0.0003,0.0002,0.0002,0.0002,0.0009,0.0005,0.0017,
??,???,45190,0.8467,0.1277,0.013,0.0007,0.0065,0.0006,0.0002,0.0001,0.0003,0.0008,0.0006,0.0022,
??,???,45210,0.8512,0.1245,0.013,0.0006,0.0069,0.0002,0,0.0002,0.0002,0.0005,0.0004,0.0016,
??,???,45710,0.8389,0.1339,0.0168,0.0003,0.0065,0.0003,0.0001,0.0001,0.0002,0.0008,0.0002,0.0012,
??,???,45720,0.837,0.1376,0.0141,0.0004,0.0049,0.0005,0.0001,0.0003,0.0003,0.0006,0.001,0.0025,
??,???,45730,0.7697,0.1984,0.0181,0.0008,0.0078,0.0004,0.0001,0.0001,0.0002,0.0008,0.0007,0.0024,
??,???,45740,0.8436,0.1283,0.0138,0.0008,0.007,0.0005,0.0002,0.0001,0.0001,0.0008,0.0004,0.0037,
??,???,45750,0.8516,0.1215,0.0127,0.0008,0.0061,0.0004,0,0.0003,0.0002,0.0006,0.001,0.0044,
??,???,45770,0.8624,0.1123,0.0116,0.0006,0.0053,0.0007,0.0001,0.0002,0.0003,0.0019,0.001,0.0031,
??,???,45790,0.8609,0.113,0.0135,0.0003,0.0054,0.0005,0.0002,0.0003,0.0002,0.001,0.0007,0.0035,
??,???,45800,0.8497,0.1251,0.0127,0.0003,0.0062,0.0003,0.0001,0.0002,0.0004,0.0007,0.0005,0.003,
??,???,46110,0.8723,0.1035,0.014,0.0004,0.0069,0.0003,0,0.0001,0.0001,0.001,0.0001,0.0006,
??,???,46130,0.8603,0.1167,0.012,0.0004,0.0072,0.0002,0.0001,0.0001,0.0001,0.0009,0.0002,0.0012,
??,???,46150,0.8512,0.1241,0.0145,0.0003,0.0063,0.0003,0.0001,0.0002,0.0001,0.0015,0.0002,0.0006,
??,???,46170,0.8578,0.1182,0.0126,0.0003,0.0061,0.0003,0.0002,0.0002,0.0002,0.0016,0.0004,0.0015,
??,???,46230,0.8135,0.1582,0.0155,0.0004,0.0086,0.0001,0.0001,0.0001,0.0002,0.0015,0.0002,0.0009,
??,???,46710,0.8757,0.1,0.0115,0.0005,0.0059,0.0004,0.0001,0.0002,0.0004,0.0013,0.0007,0.0028,
??,???,46720,0.8529,0.1161,0.0148,0.001,0.0064,0.0006,0.0002,0.0003,0.0003,0.0017,0.0009,0.0041,
??,???,46730,0.8511,0.124,0.0122,0.0006,0.006,0.0005,0,0.0003,0.0001,0.0024,0.0002,0.0021,
??,???,46770,0.8666,0.1096,0.0108,0.0007,0.0056,0.0005,0.0002,0.0002,0.0001,0.0012,0.0006,0.0032,
??,???,46780,0.8685,0.1068,0.011,0.0007,0.0061,0.0004,0.0001,0.0004,0.0002,0.0024,0.0004,0.0025,
??,???,46790,0.8783,0.098,0.0106,0.0004,0.0059,0.0004,0.0001,0.0003,0.0001,0.0028,0.0005,0.002,
??,???,46800,0.8786,0.0952,0.0112,0.0005,0.0059,0.0004,0.0002,0.0002,0.0002,0.0032,0.0005,0.0033,
??,???,46810,0.8532,0.1219,0.012,0.0009,0.0057,0.0006,0.0002,0.0004,0.0002,0.0017,0.0006,0.0021,
??,???,46820,0.8783,0.0979,0.0106,0.0006,0.006,0.0005,0.0001,0.0001,0.0003,0.002,0.0005,0.0026,
??,???,46830,0.8627,0.1106,0.014,0.0007,0.0072,0.0003,0.0001,0.0001,0.0002,0.001,0.0004,0.002,
??,???,46840,0.8677,0.1084,0.0132,0.0004,0.0059,0.0003,0.0002,0.0001,0.0003,0.001,0.0003,0.0017,
??,???,46860,0.8864,0.0888,0.0112,0.0006,0.0051,0.0005,0,0.0003,0.0003,0.0016,0.0007,0.0039,
??,???,46870,0.8584,0.1128,0.0132,0.0006,0.0061,0.0004,0.0001,0.0004,0.0002,0.0024,0.0009,0.0039,
??,???,46880,0.8633,0.1134,0.0122,0.0005,0.006,0.0001,0.0002,0.0001,0.0001,0.0008,0.0006,0.0021,
??,???,46890,0.8889,0.0882,0.0099,0.0004,0.0057,0.0003,0.0001,0.0004,0.0001,0.0018,0.0005,0.0032,
??,???,46900,0.8681,0.1074,0.0101,0.0007,0.0065,0.0006,0,0.0003,0.0006,0.0014,0.0003,0.0032,
??,???,46910,0.8835,0.0946,0.0093,0.0008,0.005,0.0006,0.0001,0.0002,0.0006,0.0009,0.0005,0.0033,
??,?????,47111,0.2555,0.7079,0.0215,0.0004,0.0112,0.0002,0.0001,0.0002,0.0008,0.0009,0.0005,0.0004,
??,?????,47113,0.248,0.7183,0.0215,0.0004,0.0084,0.0002,0.0001,0.0003,0.001,0.0007,0.0004,0.0002,
??,???,47130,0.2497,0.7149,0.0196,0.0004,0.0105,0.0004,0.0001,0.0003,0.0013,0.0013,0.0005,0.0004,
??,???,47150,0.2336,0.7315,0.0194,0.0007,0.0104,0.0002,0.0001,0.0002,0.0012,0.0008,0.0008,0.0006,
??,???,47170,0.2913,0.6784,0.0157,0.0004,0.0092,0.0002,0.0002,0.0002,0.0011,0.0007,0.0012,0.0007,
??,???,47190,0.2674,0.6937,0.022,0.0004,0.0127,0.0002,0.0001,0.0002,0.0013,0.0006,0.0003,0.0004,
??,???,47210,0.2554,0.7152,0.0164,0.0003,0.0081,0.0002,0.0001,0.0002,0.0009,0.001,0.001,0.0006,
??,???,47230,0.2041,0.7626,0.0159,0.0004,0.0111,0.0002,0.0003,0.0002,0.0017,0.0013,0.0008,0.0009,
??,???,47250,0.2015,0.7663,0.0161,0.0006,0.0091,0.0004,0.0002,0.0003,0.0014,0.0012,0.0014,0.0008,
??,???,47280,0.2012,0.7663,0.0164,0.0008,0.0083,0.0002,0,0.0004,0.0023,0.0011,0.0016,0.0007,
??,???,47290,0.2305,0.7337,0.0202,0.0005,0.0106,0.0002,0.0001,0.0002,0.0016,0.0008,0.0003,0.0004,
??,???,47720,0.1389,0.8319,0.0119,0.0007,0.0085,0.0002,0.0001,0.0006,0.0016,0.0014,0.0025,0.0012,
??,???,47730,0.1655,0.8026,0.014,0.0007,0.0093,0.0003,0.0004,0.0004,0.0011,0.0023,0.0018,0.0009,
??,???,47750,0.1996,0.7666,0.016,0.0008,0.0083,0.0002,0.0002,0.0002,0.0025,0.0017,0.0027,0.0006,
??,???,47760,0.2339,0.735,0.017,0.0009,0.0055,0.0004,0,0.0007,0.0015,0.0009,0.0028,0.0009,
??,???,47770,0.1694,0.8043,0.012,0.0006,0.0071,0.0006,0.0001,0.0002,0.0017,0.0008,0.0017,0.0008,
??,???,47820,0.1843,0.7837,0.0159,0.0005,0.0086,0.0003,0.0001,0.0004,0.0016,0.0013,0.0017,0.0008,
??,???,47830,0.1747,0.7921,0.0143,0.0009,0.0097,0.0003,0.0002,0.0004,0.0022,0.0019,0.0019,0.0008,
??,???,47840,0.182,0.7871,0.0148,0.0007,0.0087,0.0004,0.0002,0.0005,0.0017,0.0013,0.0015,0.0007,
??,???,47850,0.2485,0.7124,0.0193,0.0006,0.0148,0.0003,0.0002,0.0003,0.0014,0.0007,0.0006,0.0004,
??,???,47900,0.2362,0.7314,0.0168,0.0006,0.0073,0.0004,0.0003,0.0003,0.0019,0.001,0.0022,0.0009,
??,???,47920,0.2335,0.7316,0.016,0.0006,0.0092,0.0003,0.0004,0.0004,0.0021,0.001,0.0033,0.0009,
??,???,47930,0.2076,0.7624,0.0143,0.0006,0.008,0.0003,0.0002,0.0003,0.0019,0.0012,0.0015,0.0012,
??,???,47940,0.2407,0.7289,0.0165,0.0004,0.0099,0,0.0004,0.0003,0.001,0.0004,0.0001,0.0009,
??,??????,48121,0.3692,0.5855,0.0268,0.0004,0.0132,0.0003,0.0001,0.0002,0.0009,0.0019,0.0003,0.0004,
??,??????,48123,0.399,0.5528,0.0322,0.0004,0.0114,0.0003,0.0001,0.0002,0.0008,0.0015,0.0003,0.0005,
??,????????,48125,0.3142,0.6469,0.0218,0.0004,0.0122,0.0002,0.0001,0.0002,0.0011,0.0012,0.0005,0.0005,
??,????????,48127,0.335,0.6234,0.0234,0.0007,0.0133,0.0002,0.0001,0.0001,0.001,0.0016,0.0002,0.0004,
??,??????,48129,0.3895,0.5628,0.0261,0.0004,0.0166,0.0003,0.0001,0.0003,0.0007,0.0018,0.0003,0.0006,
??,???,48170,0.3321,0.6264,0.0247,0.0004,0.0113,0.0003,0.0001,0.0001,0.0008,0.0022,0.0005,0.0006,
??,???,48220,0.3325,0.6273,0.0198,0.0005,0.0145,0.0002,0.0001,0.0002,0.0011,0.0018,0.0008,0.0006,
??,???,48240,0.3298,0.6288,0.0222,0.0004,0.013,0.0003,0.0001,0.0002,0.0009,0.002,0.0009,0.0009,
??,???,48250,0.4623,0.4933,0.0264,0.0004,0.0139,0.0002,0.0001,0.0002,0.0007,0.0012,0.0003,0.0005,
??,???,48270,0.3151,0.6456,0.0209,0.0005,0.0121,0.0003,0.0001,0.0003,0.001,0.0019,0.0007,0.0009,
??,???,48310,0.4469,0.4984,0.029,0.0005,0.0195,0.0005,0.0003,0.0001,0.0008,0.0022,0.0005,0.0007,
??,???,48330,0.4218,0.5352,0.0245,0.0004,0.0137,0.0002,0.0001,0.0002,0.0007,0.0016,0.0003,0.0005,
??,???,48720,0.287,0.6716,0.0185,0.0011,0.0101,0.0004,0.0003,0.0003,0.0013,0.0039,0.0025,0.0025,
??,???,48730,0.3263,0.6299,0.0222,0.0006,0.0148,0.0005,0.0002,0.0002,0.0014,0.0018,0.0007,0.0007,
??,???,48740,0.2669,0.6957,0.0174,0.0009,0.0123,0.0004,0.0001,0.0002,0.0016,0.0019,0.0011,0.0008,
??,???,48820,0.3049,0.6545,0.019,0.0007,0.0145,0.0004,0.0003,0.0003,0.0012,0.0013,0.0015,0.0009,
??,???,48840,0.3391,0.6186,0.0226,0.0006,0.0115,0.0007,0.0001,0.0004,0.0009,0.0022,0.0014,0.0015,
??,???,48850,0.3544,0.5995,0.0228,0.001,0.0131,0.0004,0.0003,0.0003,0.001,0.0022,0.0026,0.0018,
??,???,48860,0.289,0.6738,0.0188,0.0009,0.0088,0.0003,0.0001,0.0003,0.0013,0.0033,0.0017,0.0011,
??,???,48870,0.3203,0.637,0.0198,0.0008,0.0127,0.0006,0.0005,0.0004,0.0014,0.0025,0.0024,0.001,
??,???,48880,0.2921,0.6656,0.0218,0.0011,0.0119,0.0004,0.0004,0.0002,0.001,0.0022,0.0015,0.0012,
??,???,48890,0.2241,0.7376,0.0165,0.0009,0.01,0.0007,0.0002,0.0005,0.002,0.0031,0.0022,0.0016,
??,???,50110,0.537,0.4157,0.034,0.0006,0.0084,0.0003,0.0001,0.0002,0.0006,0.0013,0.0005,0.0006,
??,????,50130,0.4967,0.4564,0.0321,0.0006,0.0093,0.0003,0.0001,0.0001,0.0006,0.0015,0.0006,0.001,
